{"cameraMode":{"drawMode":0,"name":"Shaded","section":"Shading Mode"},"sceneLighting":false,"audioPlay":false,"sceneViewState":{"showFog":true,"showMaterialUpdate":false,"showSkybox":false,"showFlares":true,"showImageEffects":true,"showParticleSystems":true},"in2DMode":false,"pivot":{"x":-0.6899999976158142,"y":2.67900013923645,"z":1.6957999467849732},"rotation":{"x":0.003627991769462824,"y":0.9961850643157959,"z":-0.07065795361995697,"w":0.05115040764212608},"size":0.22816553711891175,"orthographic":false}