{"cameraMode":{"drawMode":0,"name":"Shaded","section":"Shading Mode"},"sceneLighting":false,"audioPlay":false,"sceneViewState":{"showFog":true,"showMaterialUpdate":false,"showSkybox":false,"showFlares":true,"showImageEffects":true,"showParticleSystems":true},"in2DMode":false,"pivot":{"x":1.5200002193450928,"y":3.4499998092651369,"z":15.980000495910645},"rotation":{"x":0.07024407386779785,"y":0.5503110289573669,"z":-0.04644865170121193,"w":0.8307737112045288},"size":12.12497615814209,"orthographic":false}