{"cameraMode":{"drawMode":0,"name":"Shaded","section":"Shading Mode"},"sceneLighting":false,"audioPlay":false,"sceneViewState":{"showFog":true,"showMaterialUpdate":false,"showSkybox":false,"showFlares":true,"showImageEffects":true,"showParticleSystems":true},"in2DMode":false,"pivot":{"x":-7.039999961853027,"y":3.0,"z":34.290000915527347},"rotation":{"x":0.14269757270812989,"y":0.2323145568370819,"z":-0.03439369052648544,"w":0.9615651965141296},"size":14.289420127868653,"orthographic":false}