{"cameraMode":{"drawMode":0,"name":"Shaded","section":"Shading Mode"},"sceneLighting":false,"audioPlay":false,"sceneViewState":{"showFog":true,"showMaterialUpdate":false,"showSkybox":false,"showFlares":true,"showImageEffects":true,"showParticleSystems":true},"in2DMode":false,"pivot":{"x":0.0,"y":2.5999999046325685,"z":0.503506064414978},"rotation":{"x":0.010536235757172108,"y":-0.9548241496086121,"z":0.2950581908226013,"w":0.03412848338484764},"size":8.891972541809082,"orthographic":false}