{"cameraMode":{"drawMode":0,"name":"Shaded","section":"Shading Mode"},"sceneLighting":false,"audioPlay":false,"sceneViewState":{"showFog":true,"showMaterialUpdate":false,"showSkybox":false,"showFlares":true,"showImageEffects":true,"showParticleSystems":true},"in2DMode":false,"pivot":{"x":11.223207473754883,"y":1.3509999513626099,"z":7.730358123779297},"rotation":{"x":-0.15307462215423585,"y":0.6073777675628662,"z":-0.1207275316119194,"w":-0.7701238989830017},"size":4.5992631912231449,"orthographic":false}