{"cameraMode":{"drawMode":0,"name":"Shaded","section":"Shading Mode"},"sceneLighting":false,"audioPlay":false,"sceneViewState":{"showFog":true,"showMaterialUpdate":false,"showSkybox":false,"showFlares":true,"showImageEffects":true,"showParticleSystems":true},"in2DMode":false,"pivot":{"x":-53.05094528198242,"y":24.27593994140625,"z":63.99071502685547},"rotation":{"x":0.19391275942325593,"y":-0.8051267266273499,"z":0.37385109066963198,"w":0.41763007640838625},"size":55.86081314086914,"orthographic":false}