{"cameraMode":{"drawMode":0,"name":"Shaded","section":"Shading Mode"},"sceneLighting":false,"audioPlay":false,"sceneViewState":{"showFog":true,"showMaterialUpdate":false,"showSkybox":false,"showFlares":true,"showImageEffects":true,"showParticleSystems":true},"in2DMode":false,"pivot":{"x":-5.705532550811768,"y":3.700000047683716,"z":2.0989999771118166},"rotation":{"x":-0.10421483963727951,"y":0.6574048399925232,"z":-0.0925152376294136,"w":-0.7405417561531067},"size":0.5560966730117798,"orthographic":false}